route_id,from_city,to_city,date,provider,train_name,train_type,departure_station,arrival_station,departure_time,arrival_time,duration,journey_type,connection_city,connection_wait,available_seats,total_seats,base_price,senior_price,youth_price,child_price,currency,class_options,wifi,power_socket,meal_service,baggage_rule,refund_rule,change_policy,pet_policy,platform_info,boarding_requirement,carbon_kg,delay_minutes,status
ER0001,Paris,Barcelona,2026-05-10,SNCF,OUIGO 3757,International,Paris Gare du Nord,Barcelona Sants,07:45,12:46,5h 01m,Direct,None,None,84,250,35,28,30,20,EUR,Standard;Comfort,Yes,Yes,Snack service,1 cabin bag included,Non-refundable,Change with fee,Small pets allowed,Announced 20 min before,Arrive 15 min early,9,0,Available
ER0002,Barcelona,Lyon,2026-05-11,SNCF,TER 9991,Regional,Barcelona Sants,Lyon Part-Dieu,19:40,22:08,2h 28m,Connection,Vienna,30m,180,500,121,98,103,55,EUR,Standard;First Class,Yes,Yes,Snack service,1 cabin bag included,Refundable depending on fare,Flexible fare available,Small pets allowed,Announced 20 min before,Arrive 30 min early,17,0,Available
ER0003,Frankfurt,Cologne,2026-05-21,DB,EC 2903,Night Train,Frankfurt Hbf,Köln Hbf,19:30,23:13,3h 43m,Connection,Hamburg,40m,48,634,87,74,75,46,EUR,Standard;Comfort,Yes,No,Snack service,Large baggage chargeable,Refundable with fee,Flexible fare available,Small pets allowed,Announced 15 min before,Arrive 30 min early,31,0,Available
ER0004,Prague,Vienna,2026-05-16,CD,EuroCity 1589,Night Train,Praha hlavní nádraží,Wien Hbf,09:50,12:36,2h 46m,Connection,Zurich,30m,139,420,93,81,81,42,EUR,Standard;Comfort,Yes,Yes,Business only,Large baggage chargeable,Refundable with fee,No change allowed,Pets allowed,Announced 30 min before,Arrive 30 min early,36,10,Available
ER0005,Berlin,Amsterdam,2026-05-18,DB,EC 4989,Intercity,Berlin Hbf,Amsterdam Centraal,16:10,22:11,6h 01m,Connection,Cologne,20m,24,500,146,113,131,89,EUR,Standard;First Class,Yes,No,Yes,2 bags + 1 cabin bag,Refundable with fee,No change allowed,Small pets allowed,Announced 20 min before,Arrive 60 min early,17,0,Available
ER0006,Vienna,Munich,2026-05-22,ÖBB,Nightjet 6637,High-Speed,Wien Hbf,München Hbf,21:35,00:01,2h 26m,Direct,None,None,95,250,87,70,65,51,EUR,Standard;First Class,Yes,Yes,No,2 bags + 1 cabin bag,Non-refundable,No change allowed,Small pets allowed,Announced 30 min before,Arrive 20 min early,34,0,Available
ER0007,Frankfurt,Paris,2026-05-22,DB,ICE 1645,Intercity,Frankfurt Hbf,Paris Montparnasse,16:30,21:25,4h 55m,Direct,None,None,70,634,44,34,35,27,EUR,Second Class;First Class,Yes,No,Cafe bar,1 cabin bag included,Refundable depending on fare,Change with fee,Pets allowed,Announced 20 min before,Arrive 15 min early,7,0,Available
ER0008,Vienna,Munich,2026-05-23,ÖBB,Railjet 3972,Night Train,Wien Hbf,München Hbf,20:35,23:49,3h 14m,Connection,Lyon,35m,119,420,96,83,83,48,EUR,Second Class;First Class,Yes,Yes,Business only,2 bags + 1 cabin bag,Refundable up to 24h,Free change,Guide dogs only,Announced 15 min before,Arrive 15 min early,34,10,Available
ER0009,Geneva,Paris,2026-05-24,SNCF,TGV INOUI 8420,Regional,Geneva Cornavin,Paris Gare du Nord,07:45,09:44,1h 59m,Direct,None,None,83,300,39,31,31,22,EUR,Economy;Business,Yes,Yes,Business only,Large baggage chargeable,Refundable with fee,Flexible fare available,Pets not allowed,Announced 20 min before,Arrive 15 min early,4,0,Available
ER0010,Zurich,Vienna,2026-05-19,SBB,InterCity 8908,Intercity,Zurich HB,Wien Hbf,09:25,16:27,7h 02m,Direct,None,None,97,300,103,87,81,60,EUR,Standard;Comfort,Yes,Yes,No,2 bags + 1 cabin bag,Non-refundable,Flexible fare available,Small pets allowed,Announced 30 min before,Arrive 30 min early,17,30,Available
ER0011,Frankfurt,Berlin,2026-05-18,DB,IC 932,High-Speed,Frankfurt Hbf,Berlin Ostbahnhof,13:00,14:26,1h 26m,Direct,None,None,87,300,70,58,58,37,EUR,Economy;Business,No,Yes,Business only,2 bags + 1 cabin bag,Refundable depending on fare,Change with fee,Pets allowed,Announced 20 min before,Arrive 30 min early,6,0,Available
ER0012,Madrid,Barcelona,2026-05-13,Renfe,Alvia 1784,High-Speed,Madrid Atocha,Barcelona Sants,09:15,12:22,3h 07m,Connection,Prague,20m,105,300,134,113,117,82,EUR,Second Class;First Class,Yes,No,Cafe bar,2 bags + 1 cabin bag,Refundable depending on fare,Flexible fare available,Guide dogs only,Announced 15 min before,Arrive 20 min early,5,0,Available
ER0013,Berlin,Prague,2026-05-16,DB+RegioJet,IC 8446,High-Speed,Berlin Ostbahnhof,Praha hlavní nádraží,05:05,08:43,3h 38m,Direct,None,None,172,380,140,108,121,75,EUR,Second Class;First Class,No,Yes,Business only,2 bags allowed,Refundable depending on fare,Free change,Small pets allowed,Announced 20 min before,Arrive 60 min early,8,45,Available
ER0014,Amsterdam,Paris,2026-05-19,Eurostar,Eurostar 5020,Intercity,Amsterdam Centraal,Paris Montparnasse,15:30,22:51,7h 21m,Direct,None,None,117,300,142,115,115,87,EUR,Second Class;First Class,No,Limited,Snack service,Large baggage chargeable,Refundable depending on fare,Change with fee,Pets not allowed,Announced 30 min before,Arrive 20 min early,9,0,Available
ER0015,Frankfurt,Vienna,2026-05-18,DB,ICE 3948,International,Frankfurt Hbf,Wien Hbf,11:10,12:47,1h 37m,Direct,None,None,38,420,145,114,122,70,EUR,Second Class;First Class,Yes,Yes,Yes,2 bags allowed,Refundable depending on fare,Change with fee,Small pets allowed,Announced 30 min before,Arrive 60 min early,7,10,Available
ER0016,Vienna,Zurich,2026-05-13,ÖBB,Nightjet 2284,Regional,Wien Hbf,Zurich HB,19:45,04:07,8h 22m,Direct,None,None,160,500,230,171,202,124,EUR,Second Class;First Class,Yes,Limited,Snack service,2 bags allowed,Non-refundable,Change with fee,Guide dogs only,Announced 20 min before,Arrive 30 min early,38,10,Available
ER0017,Paris,Berlin,2026-05-12,Eurostar+DB,Eurostar 1152,Regional,Paris Montparnasse,Berlin Ostbahnhof,15:40,23:26,7h 46m,Direct,None,None,169,420,118,101,98,64,EUR,Second Class;First Class,Limited,Yes,Snack service,2 bags + 1 cabin bag,Non-refundable,No change allowed,Pets not allowed,Announced 15 min before,Arrive 60 min early,25,30,Available
ER0018,Rome,Milan,2026-05-21,Trenitalia,Frecciargento 2191,Regional,Roma Termini,Milano Centrale,05:05,07:24,2h 19m,Direct,None,None,86,420,126,97,103,65,EUR,Second Class;First Class,Yes,Yes,Snack service,2 bags allowed,Refundable up to 24h,Flexible fare available,Small pets allowed,Announced 30 min before,Arrive 15 min early,6,20,Available
ER0019,Paris,Marseille,2026-05-13,SNCF,TGV INOUI 2596,Intercity,Paris Gare du Nord,Marseille Saint-Charles,20:50,23:13,2h 23m,Direct,None,None,85,300,123,91,103,73,EUR,Standard;Comfort,Yes,Yes,Business only,Large baggage chargeable,Refundable depending on fare,Change with fee,Pets allowed,Announced 30 min before,Arrive 20 min early,10,0,Available
ER0020,Amsterdam,Brussels,2026-05-23,Eurostar,Eurostar 5788,International,Amsterdam Centraal,Brussels Midi,07:40,09:48,2h 08m,Direct,None,None,0,420,56,44,45,35,EUR,Economy;Business,Limited,Yes,No,1 cabin bag included,Refundable depending on fare,No change allowed,Pets not allowed,Announced 30 min before,Arrive 30 min early,24,0,Sold Out
ER0021,Frankfurt,Paris,2026-05-23,DB,IC 4095,Night Train,Frankfurt Hbf,Paris Montparnasse,15:00,20:38,5h 38m,Connection,Brussels,75m,86,300,116,88,97,72,EUR,Economy;Business,Yes,Yes,Snack service,Large baggage chargeable,Refundable with fee,No change allowed,Pets not allowed,Announced 20 min before,Arrive 15 min early,9,5,Available
ER0022,Frankfurt,Vienna,2026-05-13,DB,IC 9628,Night Train,Frankfurt Hbf,Wien Hbf,21:25,02:27,5h 02m,Connection,Hamburg,50m,89,380,107,81,82,52,EUR,Economy;Business,Yes,Yes,Snack service,1 cabin bag included,Non-refundable,Free change,Small pets allowed,Announced 20 min before,Arrive 20 min early,27,0,Available
ER0023,Berlin,Amsterdam,2026-05-14,DB,EC 8851,High-Speed,Berlin Hbf,Amsterdam Centraal,06:00,12:08,6h 08m,Direct,None,None,145,300,140,101,110,76,EUR,Standard;Comfort,Limited,Yes,Yes,Large baggage chargeable,Refundable depending on fare,Free change,Pets allowed,Announced 15 min before,Arrive 20 min early,23,0,Available
ER0024,Paris,Berlin,2026-05-13,Eurostar+DB,Eurostar 7481,High-Speed,Paris Montparnasse,Berlin Ostbahnhof,18:20,02:58,8h 38m,Direct,None,None,126,634,129,106,99,62,EUR,Second Class;First Class,Limited,No,Business only,2 bags allowed,Refundable with fee,Flexible fare available,Guide dogs only,Announced 30 min before,Arrive 60 min early,8,0,Available
ER0025,Berlin,Hamburg,2026-05-24,DB,EC 9763,Night Train,Berlin Hbf,Hamburg Hbf,08:40,12:00,3h 20m,Direct,None,None,0,380,47,34,40,26,EUR,Standard;Comfort,Limited,Yes,Snack service,1 cabin bag included,Refundable depending on fare,Flexible fare available,Pets not allowed,Announced 20 min before,Arrive 15 min early,6,0,Sold Out
ER0026,Milan,Rome,2026-05-21,Italo,Italo 523,Night Train,Milano Centrale,Roma Termini,05:50,14:15,8h 25m,Direct,None,None,0,250,133,106,108,67,EUR,Second Class;First Class,Limited,Yes,Snack service,1 cabin bag included,Refundable depending on fare,Flexible fare available,Guide dogs only,Announced 30 min before,Arrive 15 min early,14,0,Sold Out
ER0027,Amsterdam,Paris,2026-05-16,Eurostar,Eurostar 6661,Intercity,Amsterdam Centraal,Paris Montparnasse,07:25,10:59,3h 34m,Direct,None,None,0,420,29,23,24,15,EUR,Standard;Comfort,No,No,Snack service,2 bags allowed,Refundable with fee,Flexible fare available,Small pets allowed,Announced 20 min before,Arrive 60 min early,35,0,Cancelled
ER0028,Paris,Barcelona,2026-05-10,SNCF,OUIGO 5191,International,Paris Gare de Lyon,Barcelona Sants,07:15,15:50,8h 35m,Connection,Geneva,30m,0,634,245,204,202,123,EUR,Second Class;First Class,Yes,No,No,2 bags + 1 cabin bag,Refundable depending on fare,Change with fee,Small pets allowed,Announced 15 min before,Arrive 30 min early,30,0,Cancelled
ER0029,Amsterdam,Paris,2026-05-24,Eurostar,Eurostar 4734,Night Train,Amsterdam Centraal,Paris Montparnasse,09:35,15:35,6h 00m,Direct,None,None,159,380,125,99,99,60,EUR,Second Class;First Class,Yes,No,Yes,1 cabin bag included,Refundable depending on fare,No change allowed,Pets not allowed,Announced 30 min before,Arrive 20 min early,35,10,Available
ER0030,Paris,Nice,2026-05-12,SNCF,TGV INOUI 7313,High-Speed,Paris Gare de Lyon,Nice-Ville,05:55,08:33,2h 38m,Direct,None,None,3,634,149,125,117,85,EUR,Standard;Comfort,No,No,Business only,Large baggage chargeable,Refundable up to 24h,Free change,Small pets allowed,Announced 30 min before,Arrive 30 min early,18,0,Limited
ER0031,Paris,Berlin,2026-05-16,SNCF,Intercités 2825,International,Paris Gare de l'Est,Berlin Hbf,06:25,12:39,6h 14m,Direct,None,None,82,380,200,165,155,97,EUR,Economy;Business,Limited,Yes,Cafe bar,Large baggage chargeable,Non-refundable,No change allowed,Guide dogs only,Announced 30 min before,Arrive 15 min early,33,5,Available
ER0032,Frankfurt,Vienna,2026-05-20,DB,IC 5761,Regional,Frankfurt Hbf,Wien Hbf,13:35,22:12,8h 37m,Direct,None,None,0,420,101,78,81,51,EUR,Standard;First Class,Limited,Limited,Yes,2 bags allowed,Refundable depending on fare,Flexible fare available,Small pets allowed,Announced 30 min before,Arrive 30 min early,18,0,Cancelled
ER0033,Berlin,Prague,2026-05-19,DB+CD,EC 745,Regional,Berlin Ostbahnhof,Praha hlavní nádraží,06:45,11:16,4h 31m,Connection,Marseille,45m,64,380,80,59,66,51,EUR,Economy;Business,Yes,No,Business only,1 cabin bag included,Refundable up to 24h,No change allowed,Pets allowed,Announced 15 min before,Arrive 20 min early,29,0,Available
ER0034,Vienna,Zurich,2026-05-15,ÖBB+SBB,Nightjet 8891,Regional,Wien Hbf,Zurich HB,16:50,00:38,7h 48m,Direct,None,None,183,500,160,132,131,91,EUR,Economy;Business,Yes,No,Business only,Large baggage chargeable,Refundable up to 24h,Change with fee,Pets allowed,Announced 15 min before,Arrive 30 min early,35,30,Available
ER0035,Paris,Barcelona,2026-05-11,SNCF,OUIGO 6467,High-Speed,Paris Montparnasse,Barcelona Sants,18:45,02:30,7h 45m,Connection,Prague,30m,91,420,111,86,90,71,EUR,Standard;Comfort,No,Limited,Yes,Large baggage chargeable,Non-refundable,Change with fee,Pets allowed,Announced 20 min before,Arrive 15 min early,17,20,Available
ER0036,Munich,Vienna,2026-05-10,ÖBB,Nightjet 4090,Intercity,München Hbf,Wien Hbf,07:40,10:51,3h 11m,Direct,None,None,57,300,29,22,26,18,EUR,Standard;First Class,Yes,Yes,Yes,1 cabin bag included,Refundable with fee,Flexible fare available,Pets allowed,Announced 15 min before,Arrive 30 min early,7,0,Available
ER0037,London,Paris,2026-05-21,Eurostar,Eurostar 1141,High-Speed,London St Pancras,Paris Montparnasse,16:40,23:08,6h 28m,Direct,None,None,177,500,116,98,102,64,EUR,Standard;First Class,Limited,No,Snack service,2 bags allowed,Refundable depending on fare,No change allowed,Pets allowed,Announced 15 min before,Arrive 30 min early,13,0,Available
ER0038,Paris,Amsterdam,2026-05-12,Eurostar,Eurostar 6340,International,Paris Gare de l'Est,Amsterdam Centraal,21:45,02:50,5h 05m,Direct,None,None,302,634,84,66,74,44,EUR,Second Class;First Class,Yes,Limited,Snack service,1 cabin bag included,Non-refundable,Flexible fare available,Small pets allowed,Announced 30 min before,Arrive 60 min early,8,15,Available
ER0039,Paris,Berlin,2026-05-23,Eurostar+DB,Eurostar 2231,Regional,Paris Gare de Lyon,Berlin Ostbahnhof,08:30,17:20,8h 50m,Connection,Prague,20m,110,380,121,96,93,66,EUR,Standard;Comfort,Yes,Limited,No,2 bags + 1 cabin bag,Refundable depending on fare,Free change,Guide dogs only,Announced 15 min before,Arrive 20 min early,21,15,Available
ER0040,Amsterdam,Brussels,2026-05-24,Eurostar,Eurostar 200,Regional,Amsterdam Centraal,Brussels Midi,17:05,20:04,2h 59m,Direct,None,None,87,250,84,65,68,40,EUR,Standard;First Class,Yes,Yes,Cafe bar,2 bags allowed,Refundable up to 24h,Flexible fare available,Pets not allowed,Announced 30 min before,Arrive 60 min early,35,0,Available
ER0041,Munich,Vienna,2026-05-17,ÖBB,Nightjet 3631,Regional,München Hbf,Wien Hbf,18:05,21:55,3h 50m,Direct,None,None,190,500,107,77,86,60,EUR,Economy;Business,Yes,Limited,Business only,1 cabin bag included,Refundable up to 24h,Free change,Pets not allowed,Announced 30 min before,Arrive 60 min early,15,0,Available
ER0042,London,Paris,2026-05-16,Eurostar,Eurostar 1280,Night Train,London St Pancras,Paris Gare de Lyon,18:00,23:20,5h 20m,Connection,Milan,60m,183,500,135,103,109,86,EUR,Second Class;First Class,Yes,Yes,Snack service,2 bags allowed,Refundable with fee,No change allowed,Pets not allowed,Announced 30 min before,Arrive 15 min early,29,0,Available
ER0043,Amsterdam,Brussels,2026-05-21,Eurostar,Eurostar 5556,High-Speed,Amsterdam Centraal,Brussels Midi,21:50,00:22,2h 32m,Direct,None,None,185,380,66,50,50,32,EUR,Economy;Business,Limited,No,No,Large baggage chargeable,Non-refundable,Flexible fare available,Small pets allowed,Announced 20 min before,Arrive 15 min early,34,5,Available
ER0044,Milan,Vienna,2026-05-20,Italo+ÖBB,Italo 8412,International,Milano Centrale,Wien Hbf,19:35,01:49,6h 14m,Direct,None,None,43,380,212,168,176,128,EUR,Economy;Business,Yes,No,No,2 bags + 1 cabin bag,Refundable up to 24h,No change allowed,Pets allowed,Announced 20 min before,Arrive 15 min early,36,20,Available
ER0045,Berlin,Amsterdam,2026-05-10,DB,EC 7272,Night Train,Berlin Ostbahnhof,Amsterdam Centraal,16:25,20:14,3h 49m,Direct,None,None,33,380,114,83,87,66,EUR,Economy;Business,Yes,Yes,No,2 bags + 1 cabin bag,Non-refundable,Flexible fare available,Pets not allowed,Announced 15 min before,Arrive 15 min early,23,0,Available
ER0046,Vienna,Zurich,2026-05-16,ÖBB,Railjet 8724,High-Speed,Wien Hbf,Zurich HB,21:25,22:59,1h 34m,Direct,None,None,11,300,153,114,137,73,EUR,Standard;First Class,Yes,Yes,No,Large baggage chargeable,Refundable with fee,Change with fee,Small pets allowed,Announced 30 min before,Arrive 20 min early,32,0,Limited
ER0047,Paris,Nice,2026-05-16,SNCF,OUIGO 7377,International,Paris Gare de l'Est,Nice-Ville,12:40,16:07,3h 27m,Direct,None,None,7,420,123,101,102,66,EUR,Second Class;First Class,Yes,Yes,No,2 bags + 1 cabin bag,Non-refundable,Free change,Pets not allowed,Announced 20 min before,Arrive 15 min early,37,10,Limited
ER0048,Paris,Barcelona,2026-05-14,SNCF,OUIGO 4569,High-Speed,Paris Montparnasse,Barcelona Sants,18:05,21:23,3h 18m,Connection,Zurich,20m,148,420,124,93,111,65,EUR,Standard;Comfort,Yes,Yes,Yes,1 cabin bag included,Refundable depending on fare,Change with fee,Pets not allowed,Announced 20 min before,Arrive 15 min early,9,0,Available
ER0049,Paris,Marseille,2026-05-14,SNCF,OUIGO 9091,Night Train,Paris Montparnasse,Marseille Saint-Charles,14:15,18:14,3h 59m,Direct,None,None,137,300,45,33,39,25,EUR,Economy;Business,Yes,Limited,Snack service,2 bags allowed,Non-refundable,Change with fee,Pets not allowed,Announced 15 min before,Arrive 15 min early,37,0,Available
ER0050,Barcelona,Paris,2026-05-11,SNCF,Intercités 7802,Regional,Barcelona Sants,Paris Montparnasse,16:20,00:07,7h 47m,Direct,None,None,113,250,134,108,115,63,EUR,Economy;Business,Limited,No,Cafe bar,2 bags + 1 cabin bag,Refundable up to 24h,No change allowed,Pets allowed,Announced 20 min before,Arrive 20 min early,6,0,Available
ER0051,Berlin,Prague,2026-05-24,DB+RegioJet,EC 7856,Intercity,Berlin Ostbahnhof,Praha hlavní nádraží,11:20,15:47,4h 27m,Connection,Lyon,50m,114,380,140,120,120,88,EUR,Second Class;First Class,Limited,Limited,No,1 cabin bag included,Refundable up to 24h,No change allowed,Pets allowed,Announced 20 min before,Arrive 20 min early,38,0,Available
ER0052,Frankfurt,Vienna,2026-05-15,DB+ÖBB,IC 7405,International,Frankfurt Hbf,Wien Hbf,19:25,00:38,5h 13m,Direct,None,None,131,380,99,81,86,45,EUR,Standard;Comfort,No,Yes,Yes,2 bags + 1 cabin bag,Refundable depending on fare,Free change,Small pets allowed,Announced 15 min before,Arrive 20 min early,27,10,Available
ER0053,Barcelona,Paris,2026-05-16,SNCF,OUIGO 7471,Night Train,Barcelona Sants,Paris Gare de l'Est,19:05,01:23,6h 18m,Direct,None,None,186,380,145,126,109,70,EUR,Standard;First Class,Yes,Limited,Snack service,2 bags + 1 cabin bag,Non-refundable,No change allowed,Small pets allowed,Announced 15 min before,Arrive 20 min early,8,0,Available
ER0054,Milan,Vienna,2026-05-12,Italo,Italo 5336,High-Speed,Milano Centrale,Wien Hbf,14:20,21:00,6h 40m,Direct,None,None,205,634,203,150,158,96,EUR,Standard;Comfort,No,Limited,Snack service,2 bags + 1 cabin bag,Refundable up to 24h,Free change,Guide dogs only,Announced 20 min before,Arrive 60 min early,37,15,Available
ER0055,Milan,Zurich,2026-05-22,SBB,IR 1308,High-Speed,Milano Centrale,Zurich HB,07:35,12:58,5h 23m,Direct,None,None,161,380,75,63,57,41,EUR,Economy;Business,Yes,Yes,Cafe bar,1 cabin bag included,Refundable with fee,Flexible fare available,Guide dogs only,Announced 15 min before,Arrive 30 min early,16,20,Available
ER0056,Vienna,Zurich,2026-05-14,ÖBB+SBB,Railjet 9796,International,Wien Hbf,Zurich HB,15:45,17:31,1h 46m,Connection,Paris,30m,19,250,96,79,83,51,EUR,Standard;Comfort,Yes,No,Cafe bar,Large baggage chargeable,Non-refundable,No change allowed,Pets allowed,Announced 30 min before,Arrive 15 min early,14,5,Limited
ER0057,Milan,Vienna,2026-05-16,Trenitalia,Frecciargento 2453,International,Milano Centrale,Wien Hbf,16:30,01:44,9h 14m,Direct,None,None,81,500,185,141,145,86,EUR,Second Class;First Class,Yes,Yes,Business only,1 cabin bag included,Refundable with fee,Change with fee,Pets not allowed,Announced 30 min before,Arrive 60 min early,35,0,Available
ER0058,Amsterdam,Brussels,2026-05-17,Eurostar,Eurostar 6542,Regional,Amsterdam Centraal,Brussels Midi,11:45,13:16,1h 31m,Direct,None,None,187,420,149,114,111,70,EUR,Standard;Comfort,Limited,Limited,Yes,Large baggage chargeable,Refundable up to 24h,Change with fee,Guide dogs only,Announced 30 min before,Arrive 30 min early,8,0,Available
ER0059,Barcelona,Lyon,2026-05-18,SNCF,TER 2046,Night Train,Barcelona Sants,Lyon Part-Dieu,17:25,01:36,8h 11m,Connection,Hamburg,50m,150,300,193,140,145,114,EUR,Second Class;First Class,Yes,Yes,Business only,1 cabin bag included,Refundable with fee,No change allowed,Guide dogs only,Announced 30 min before,Arrive 30 min early,36,15,Available
ER0060,Geneva,Paris,2026-05-18,SNCF,TER 7880,Night Train,Geneva Cornavin,Paris Gare de l'Est,15:50,18:11,2h 21m,Connection,Barcelona,20m,187,500,87,72,72,42,EUR,Second Class;First Class,Yes,Yes,Yes,2 bags allowed,Refundable with fee,Free change,Pets not allowed,Announced 20 min before,Arrive 60 min early,13,5,Available
ER0061,Milan,Zurich,2026-05-21,SBB,EuroCity 8321,Regional,Milano Centrale,Zurich HB,09:40,12:51,3h 11m,Direct,None,None,212,634,109,95,89,60,EUR,Second Class;First Class,Yes,Yes,Business only,1 cabin bag included,Refundable with fee,Flexible fare available,Guide dogs only,Announced 30 min before,Arrive 20 min early,35,0,Available
ER0062,Amsterdam,Berlin,2026-05-17,DB,EC 4580,Night Train,Amsterdam Centraal,Berlin Hbf,17:30,01:54,8h 24m,Direct,None,None,93,300,101,87,85,60,EUR,Standard;Comfort,No,Limited,Cafe bar,2 bags allowed,Refundable with fee,Change with fee,Pets allowed,Announced 30 min before,Arrive 20 min early,18,0,Available
ER0063,Paris,Brussels,2026-05-11,Eurostar,Eurostar 7839,Night Train,Paris Gare de Lyon,Brussels Midi,05:40,07:57,2h 17m,Direct,None,None,71,420,102,78,86,64,EUR,Economy;Business,No,Yes,Cafe bar,Large baggage chargeable,Refundable with fee,Free change,Pets not allowed,Announced 20 min before,Arrive 20 min early,22,0,Available
ER0064,Paris,Nice,2026-05-10,SNCF,TGV INOUI 5589,Intercity,Paris Gare de l'Est,Nice-Ville,21:35,00:08,2h 33m,Connection,Prague,45m,0,300,113,84,92,56,EUR,Standard;First Class,Yes,Limited,No,2 bags + 1 cabin bag,Refundable with fee,No change allowed,Pets not allowed,Announced 30 min before,Arrive 30 min early,9,0,Sold Out
ER0065,Rome,Milan,2026-05-20,Trenitalia,Frecciarossa 2403,International,Roma Termini,Milano Centrale,12:00,14:14,2h 14m,Direct,None,None,10,380,31,23,24,15,EUR,Standard;Comfort,Yes,No,No,1 cabin bag included,Refundable up to 24h,Flexible fare available,Guide dogs only,Announced 30 min before,Arrive 20 min early,18,5,Limited
ER0066,London,Paris,2026-05-17,Eurostar,Eurostar 6221,Intercity,London St Pancras,Paris Montparnasse,11:15,18:28,7h 13m,Connection,Berlin,75m,39,500,90,76,79,44,EUR,Standard;Comfort,No,No,Yes,2 bags + 1 cabin bag,Refundable depending on fare,Free change,Pets not allowed,Announced 15 min before,Arrive 60 min early,12,0,Available
ER0067,Geneva,Paris,2026-05-16,SNCF,TGV INOUI 9255,International,Geneva Cornavin,Paris Gare de l'Est,05:30,09:05,3h 35m,Connection,Brussels,30m,109,250,45,36,34,28,EUR,Standard;First Class,Yes,No,Cafe bar,2 bags + 1 cabin bag,Refundable depending on fare,Flexible fare available,Pets not allowed,Announced 20 min before,Arrive 60 min early,28,45,Available
ER0068,Paris,Berlin,2026-05-20,SNCF,TER 2043,Intercity,Paris Gare du Nord,Berlin Ostbahnhof,21:10,04:07,6h 57m,Connection,Lyon,45m,159,420,201,156,157,108,EUR,Standard;First Class,Yes,No,No,2 bags allowed,Refundable with fee,Change with fee,Pets allowed,Announced 15 min before,Arrive 15 min early,32,0,Available
ER0069,Munich,Vienna,2026-05-20,ÖBB,Railjet 824,Intercity,München Hbf,Wien Hbf,12:40,15:56,3h 16m,Connection,Lyon,35m,8,500,110,89,95,67,EUR,Economy;Business,Limited,Limited,Business only,2 bags allowed,Refundable with fee,No change allowed,Pets not allowed,Announced 15 min before,Arrive 30 min early,28,0,Limited
ER0070,Vienna,Prague,2026-05-15,ÖBB,Railjet 5013,Regional,Wien Hbf,Praha hlavní nádraží,20:15,04:54,8h 39m,Direct,None,None,257,634,108,84,87,60,EUR,Economy;Business,Yes,Yes,Snack service,1 cabin bag included,Refundable up to 24h,Change with fee,Pets allowed,Announced 20 min before,Arrive 60 min early,6,0,Available
ER0071,Paris,Amsterdam,2026-05-13,Eurostar,Eurostar 3522,Night Train,Paris Gare de l'Est,Amsterdam Centraal,05:15,08:17,3h 02m,Connection,Frankfurt,75m,72,300,130,112,108,78,EUR,Standard;Comfort,Yes,Limited,Business only,Large baggage chargeable,Refundable depending on fare,Free change,Pets not allowed,Announced 20 min before,Arrive 20 min early,27,0,Available
ER0072,Amsterdam,Berlin,2026-05-16,DB,EC 3725,Regional,Amsterdam Centraal,Berlin Hbf,13:40,20:04,6h 24m,Direct,None,None,70,420,157,122,137,86,EUR,Standard;Comfort,Limited,No,Snack service,2 bags + 1 cabin bag,Non-refundable,Change with fee,Small pets allowed,Announced 30 min before,Arrive 60 min early,15,5,Available
ER0073,Vienna,Munich,2026-05-20,ÖBB,Railjet 1317,International,Wien Hbf,München Hbf,18:10,02:46,8h 36m,Direct,None,None,21,250,146,115,110,84,EUR,Second Class;First Class,Yes,Yes,No,Large baggage chargeable,Refundable up to 24h,Free change,Guide dogs only,Announced 30 min before,Arrive 30 min early,5,30,Available
ER0074,Geneva,Paris,2026-05-23,SNCF,OUIGO 1853,Regional,Geneva Cornavin,Paris Gare du Nord,12:15,18:57,6h 42m,Direct,None,None,121,380,102,89,83,50,EUR,Standard;First Class,Yes,Yes,Snack service,Large baggage chargeable,Refundable depending on fare,No change allowed,Pets allowed,Announced 30 min before,Arrive 15 min early,14,10,Available
ER0075,Paris,Berlin,2026-05-17,Eurostar,Eurostar 8753,International,Paris Gare de Lyon,Berlin Hbf,11:55,19:56,8h 01m,Direct,None,None,55,250,78,67,62,50,EUR,Standard;First Class,Yes,Yes,No,2 bags + 1 cabin bag,Refundable depending on fare,Flexible fare available,Pets not allowed,Announced 30 min before,Arrive 20 min early,9,5,Available
ER0076,Geneva,Paris,2026-05-21,SNCF,TGV INOUI 1700,Night Train,Geneva Cornavin,Paris Gare du Nord,07:25,13:59,6h 34m,Connection,Zurich,50m,120,250,205,155,170,107,EUR,Second Class;First Class,Yes,Limited,Cafe bar,2 bags allowed,Refundable up to 24h,Flexible fare available,Small pets allowed,Announced 20 min before,Arrive 20 min early,28,0,Available
ER0077,Amsterdam,Berlin,2026-05-15,DB,ICE 185,Regional,Amsterdam Centraal,Berlin Ostbahnhof,16:20,18:37,2h 17m,Direct,None,None,124,300,55,39,44,25,EUR,Second Class;First Class,Yes,Limited,Snack service,Large baggage chargeable,Refundable up to 24h,Change with fee,Small pets allowed,Announced 30 min before,Arrive 60 min early,14,5,Available
ER0078,London,Paris,2026-05-14,Eurostar,Eurostar 8179,Night Train,London St Pancras,Paris Gare de Lyon,10:30,14:16,3h 46m,Direct,None,None,0,420,121,91,95,69,EUR,Economy;Business,Limited,Yes,Cafe bar,1 cabin bag included,Refundable up to 24h,No change allowed,Guide dogs only,Announced 30 min before,Arrive 60 min early,25,0,Sold Out
ER0079,Milan,Vienna,2026-05-15,SBB,IR 2330,Night Train,Milano Centrale,Wien Hbf,11:35,18:20,6h 45m,Connection,Barcelona,45m,271,634,141,110,123,74,EUR,Economy;Business,No,Yes,No,2 bags allowed,Refundable depending on fare,Change with fee,Pets not allowed,Announced 20 min before,Arrive 15 min early,30,0,Available
ER0080,Geneva,Lyon,2026-05-12,SNCF,OUIGO 4239,Night Train,Geneva Cornavin,Lyon Perrache,17:05,22:19,5h 14m,Connection,Nice,60m,242,500,136,109,118,70,EUR,Standard;First Class,Yes,Yes,Business only,2 bags + 1 cabin bag,Refundable up to 24h,No change allowed,Guide dogs only,Announced 20 min before,Arrive 15 min early,4,20,Available
ER0081,Paris,Frankfurt,2026-05-14,SNCF+DB,TER 6508,Intercity,Paris Montparnasse,Frankfurt Hbf,16:00,21:32,5h 32m,Direct,None,None,3,420,58,49,49,30,EUR,Second Class;First Class,Yes,No,Yes,Large baggage chargeable,Refundable depending on fare,Flexible fare available,Pets allowed,Announced 20 min before,Arrive 15 min early,11,0,Limited
ER0082,Paris,Marseille,2026-05-23,SNCF,TGV INOUI 2792,Intercity,Paris Gare du Nord,Marseille Saint-Charles,10:25,16:36,6h 11m,Direct,None,None,123,420,117,96,95,53,EUR,Second Class;First Class,No,No,Snack service,2 bags allowed,Refundable with fee,Change with fee,Guide dogs only,Announced 30 min before,Arrive 15 min early,10,5,Available
ER0083,Vienna,Munich,2026-05-12,ÖBB,Nightjet 3328,Regional,Wien Hbf,München Hbf,13:50,19:25,5h 35m,Direct,None,None,218,634,129,104,103,79,EUR,Standard;First Class,Yes,Limited,Yes,2 bags + 1 cabin bag,Non-refundable,Free change,Small pets allowed,Announced 20 min before,Arrive 20 min early,36,5,Available
ER0084,Barcelona,Lyon,2026-05-16,SNCF,Intercités 7031,International,Barcelona Sants,Lyon Perrache,10:40,13:30,2h 50m,Direct,None,None,135,300,42,36,37,22,EUR,Second Class;First Class,Limited,No,Snack service,Large baggage chargeable,Refundable depending on fare,Change with fee,Pets allowed,Announced 30 min before,Arrive 15 min early,18,0,Available
ER0085,Frankfurt,Vienna,2026-05-10,DB+ÖBB,IC 9367,Intercity,Frankfurt Hbf,Wien Hbf,08:20,16:21,8h 01m,Direct,None,None,30,380,205,154,166,122,EUR,Standard;Comfort,Yes,No,Business only,1 cabin bag included,Refundable up to 24h,No change allowed,Pets allowed,Announced 15 min before,Arrive 20 min early,26,5,Available
ER0086,Munich,Zurich,2026-05-20,DB,ICE 3490,Intercity,München Hbf,Zurich HB,13:45,19:45,6h 00m,Direct,None,None,313,634,97,84,80,61,EUR,Second Class;First Class,Yes,Limited,Cafe bar,2 bags + 1 cabin bag,Refundable with fee,Change with fee,Guide dogs only,Announced 15 min before,Arrive 60 min early,35,15,Available
ER0087,London,Brussels,2026-05-19,Eurostar,Eurostar 6246,High-Speed,London St Pancras,Brussels Midi,07:30,13:18,5h 48m,Connection,Zurich,75m,20,420,52,43,42,30,EUR,Second Class;First Class,Yes,No,Cafe bar,Large baggage chargeable,Non-refundable,Flexible fare available,Guide dogs only,Announced 20 min before,Arrive 20 min early,35,0,Available
ER0088,Amsterdam,Paris,2026-05-24,Eurostar,Eurostar 1731,High-Speed,Amsterdam Centraal,Paris Gare de Lyon,08:10,13:20,5h 10m,Direct,None,None,196,420,62,53,49,38,EUR,Standard;Comfort,Yes,Yes,Business only,2 bags + 1 cabin bag,Refundable up to 24h,No change allowed,Guide dogs only,Announced 30 min before,Arrive 20 min early,31,20,Available
ER0089,Paris,Berlin,2026-05-21,SNCF+DB,TGV INOUI 2274,International,Paris Gare du Nord,Berlin Ostbahnhof,05:00,12:27,7h 27m,Connection,Prague,35m,118,420,127,107,97,66,EUR,Economy;Business,Yes,Yes,No,2 bags allowed,Refundable with fee,No change allowed,Guide dogs only,Announced 30 min before,Arrive 20 min early,13,0,Available
ER0090,Milan,Zurich,2026-05-19,SBB,InterCity 1520,Regional,Milano Centrale,Zurich HB,08:45,16:23,7h 38m,Direct,None,None,55,420,139,114,109,79,EUR,Standard;First Class,Yes,Yes,No,2 bags + 1 cabin bag,Refundable depending on fare,Flexible fare available,Pets allowed,Announced 15 min before,Arrive 60 min early,28,10,Available
ER0091,Paris,Barcelona,2026-05-13,SNCF,TGV INOUI 8755,Regional,Paris Gare de Lyon,Barcelona Sants,15:10,19:53,4h 43m,Connection,Prague,50m,215,500,149,130,128,67,EUR,Economy;Business,Yes,Yes,Snack service,1 cabin bag included,Refundable depending on fare,No change allowed,Pets not allowed,Announced 15 min before,Arrive 20 min early,21,0,Available
ER0092,Paris,Berlin,2026-05-14,SNCF+DB,TER 6501,High-Speed,Paris Gare de Lyon,Berlin Ostbahnhof,18:55,01:56,7h 01m,Direct,None,None,4,250,214,174,170,128,EUR,Standard;First Class,Yes,Yes,Cafe bar,Large baggage chargeable,Non-refundable,Flexible fare available,Small pets allowed,Announced 20 min before,Arrive 20 min early,21,10,Limited
ER0093,Paris,Barcelona,2026-05-22,SNCF,TER 7134,Night Train,Paris Gare de l'Est,Barcelona Sants,13:55,20:15,6h 20m,Direct,None,None,112,420,104,89,80,50,EUR,Standard;First Class,Yes,Yes,Yes,2 bags allowed,Refundable with fee,Free change,Pets not allowed,Announced 20 min before,Arrive 60 min early,13,15,Available
ER0094,Berlin,Amsterdam,2026-05-24,DB,EC 6970,International,Berlin Hbf,Amsterdam Centraal,12:30,20:03,7h 33m,Direct,None,None,35,250,230,198,178,140,EUR,Standard;First Class,Limited,Limited,Business only,1 cabin bag included,Refundable up to 24h,No change allowed,Pets allowed,Announced 20 min before,Arrive 20 min early,22,45,Available
ER0095,Prague,Berlin,2026-05-22,CD+DB,EuroCity 9794,Regional,Praha hlavní nádraží,Berlin Hbf,12:10,13:38,1h 28m,Connection,Paris,40m,234,500,31,27,23,18,EUR,Standard;First Class,Yes,Yes,Snack service,Large baggage chargeable,Refundable up to 24h,Change with fee,Guide dogs only,Announced 15 min before,Arrive 15 min early,18,15,Available
ER0096,Vienna,Prague,2026-05-16,ÖBB,Nightjet 1491,Regional,Wien Hbf,Praha hlavní nádraží,17:05,23:33,6h 28m,Direct,None,None,53,420,137,104,109,83,EUR,Standard;Comfort,Limited,Limited,Cafe bar,2 bags allowed,Refundable with fee,Change with fee,Pets allowed,Announced 15 min before,Arrive 15 min early,14,10,Available
ER0097,Milan,Vienna,2026-05-17,Trenitalia+ÖBB,Frecciarossa 7504,Night Train,Milano Centrale,Wien Hbf,13:05,19:45,6h 40m,Connection,Madrid,20m,0,300,151,110,118,78,EUR,Standard;First Class,Yes,Limited,Cafe bar,2 bags allowed,Refundable depending on fare,No change allowed,Small pets allowed,Announced 15 min before,Arrive 60 min early,10,0,Cancelled
ER0098,London,Paris,2026-05-11,Eurostar,Eurostar 3741,High-Speed,London St Pancras,Paris Gare du Nord,17:25,00:41,7h 16m,Direct,None,None,152,634,79,69,61,45,EUR,Standard;Comfort,Yes,Yes,Snack service,2 bags allowed,Refundable with fee,No change allowed,Pets not allowed,Announced 20 min before,Arrive 15 min early,28,15,Available
ER0099,Milan,Rome,2026-05-12,Italo,Italo 3166,Intercity,Milano Centrale,Roma Termini,19:10,20:52,1h 42m,Direct,None,None,95,500,156,122,129,72,EUR,Second Class;First Class,Yes,Yes,No,2 bags allowed,Refundable depending on fare,Flexible fare available,Pets not allowed,Announced 30 min before,Arrive 60 min early,26,0,Available
ER0100,Prague,Berlin,2026-05-18,RegioJet+DB,RegioJet 5324,High-Speed,Praha hlavní nádraží,Berlin Hbf,13:00,21:19,8h 19m,Connection,Cologne,50m,6,500,99,81,78,60,EUR,Economy;Business,No,No,Business only,2 bags + 1 cabin bag,Refundable with fee,Change with fee,Guide dogs only,Announced 30 min before,Arrive 30 min early,5,20,Limited
ER0101,Madrid,Barcelona,2026-05-19,Renfe,Alvia 3184,Intercity,Madrid Atocha,Barcelona Sants,10:35,12:11,1h 36m,Direct,None,None,154,500,151,108,134,74,EUR,Standard;Comfort,Yes,Yes,Cafe bar,2 bags + 1 cabin bag,Refundable up to 24h,Flexible fare available,Pets allowed,Announced 20 min before,Arrive 60 min early,10,0,Available
ER0102,Amsterdam,Paris,2026-05-14,Eurostar,Eurostar 2680,Night Train,Amsterdam Centraal,Paris Montparnasse,15:10,22:37,7h 27m,Connection,Zurich,40m,109,634,174,145,138,84,EUR,Second Class;First Class,No,Yes,Cafe bar,1 cabin bag included,Refundable with fee,Free change,Pets not allowed,Announced 15 min before,Arrive 30 min early,8,0,Available
ER0103,Frankfurt,Paris,2026-05-15,DB,EC 1553,Intercity,Frankfurt Hbf,Paris Montparnasse,05:20,08:32,3h 12m,Direct,None,None,120,250,56,46,42,30,EUR,Second Class;First Class,Limited,No,Business only,Large baggage chargeable,Refundable up to 24h,No change allowed,Small pets allowed,Announced 15 min before,Arrive 60 min early,8,0,Available
ER0104,Paris,Nice,2026-05-14,SNCF,TER 4378,Intercity,Paris Gare de Lyon,Nice-Ville,15:10,19:47,4h 37m,Direct,None,None,31,250,115,93,96,62,EUR,Second Class;First Class,Yes,Yes,Yes,1 cabin bag included,Refundable with fee,Change with fee,Pets not allowed,Announced 30 min before,Arrive 30 min early,22,0,Available
ER0105,Amsterdam,Brussels,2026-05-13,Eurostar,Eurostar 6537,International,Amsterdam Centraal,Brussels Midi,06:25,08:44,2h 19m,Direct,None,None,265,634,80,58,62,46,EUR,Standard;First Class,Yes,No,Snack service,Large baggage chargeable,Non-refundable,Free change,Pets not allowed,Announced 15 min before,Arrive 30 min early,28,45,Available
ER0106,Barcelona,Paris,2026-05-12,SNCF,TGV INOUI 4413,Intercity,Barcelona Sants,Paris Montparnasse,13:15,21:48,8h 33m,Direct,None,None,109,250,88,72,76,46,EUR,Standard;First Class,Limited,No,No,Large baggage chargeable,Refundable with fee,No change allowed,Guide dogs only,Announced 15 min before,Arrive 60 min early,6,10,Available
ER0107,Geneva,Paris,2026-05-19,SNCF,TGV INOUI 7457,High-Speed,Geneva Cornavin,Paris Gare du Nord,11:15,13:44,2h 29m,Direct,None,None,14,250,80,70,67,49,EUR,Standard;First Class,Limited,No,No,1 cabin bag included,Non-refundable,No change allowed,Pets allowed,Announced 30 min before,Arrive 60 min early,11,0,Limited
ER0108,Milan,Zurich,2026-05-12,SBB,IR 9732,International,Milano Centrale,Zurich HB,08:20,14:19,5h 59m,Connection,Prague,45m,166,420,150,108,118,71,EUR,Standard;First Class,Limited,Limited,Cafe bar,2 bags allowed,Refundable depending on fare,Flexible fare available,Guide dogs only,Announced 15 min before,Arrive 30 min early,23,5,Available
ER0109,Amsterdam,Brussels,2026-05-14,Eurostar,Eurostar 3834,Regional,Amsterdam Centraal,Brussels Midi,19:25,22:23,2h 58m,Direct,None,None,246,634,83,71,67,45,EUR,Standard;First Class,No,Yes,Yes,1 cabin bag included,Refundable depending on fare,Change with fee,Pets allowed,Announced 15 min before,Arrive 20 min early,16,0,Available
ER0110,Paris,Brussels,2026-05-13,Eurostar,Eurostar 928,Night Train,Paris Gare de l'Est,Brussels Midi,13:25,15:49,2h 24m,Direct,None,None,1,634,90,70,75,43,EUR,Standard;Comfort,Yes,Yes,Business only,2 bags allowed,Non-refundable,Free change,Pets not allowed,Announced 15 min before,Arrive 20 min early,17,20,Limited
ER0111,Berlin,Hamburg,2026-05-20,DB,EC 3487,Regional,Berlin Ostbahnhof,Hamburg Hbf,21:00,05:04,8h 04m,Connection,Paris,75m,22,300,132,107,117,78,EUR,Second Class;First Class,Limited,Limited,Snack service,1 cabin bag included,Refundable with fee,No change allowed,Guide dogs only,Announced 30 min before,Arrive 60 min early,10,10,Available
ER0112,Paris,Lyon,2026-05-18,SNCF,TER 4990,Night Train,Paris Gare de Lyon,Lyon Perrache,07:25,10:11,2h 46m,Direct,None,None,186,380,105,78,86,52,EUR,Second Class;First Class,Yes,Yes,Yes,Large baggage chargeable,Non-refundable,Flexible fare available,Pets not allowed,Announced 20 min before,Arrive 60 min early,6,0,Available
ER0113,Prague,Vienna,2026-05-21,CD,EuroCity 3743,Intercity,Praha hlavní nádraží,Wien Hbf,21:20,05:57,8h 37m,Direct,None,None,6,634,140,111,120,83,EUR,Standard;Comfort,Yes,Yes,Business only,2 bags + 1 cabin bag,Non-refundable,No change allowed,Guide dogs only,Announced 20 min before,Arrive 30 min early,22,5,Limited
ER0114,Zurich,Vienna,2026-05-23,SBB+ÖBB,EuroCity 3287,Intercity,Zurich HB,Wien Hbf,21:20,03:33,6h 13m,Connection,Frankfurt,35m,137,300,115,98,89,53,EUR,Standard;Comfort,Yes,Yes,Snack service,1 cabin bag included,Refundable with fee,Change with fee,Small pets allowed,Announced 20 min before,Arrive 15 min early,12,0,Available
ER0115,Munich,Zurich,2026-05-16,ÖBB,Nightjet 7921,Intercity,München Hbf,Zurich HB,06:40,09:47,3h 07m,Connection,Paris,50m,193,500,30,24,23,17,EUR,Standard;First Class,Limited,Limited,Cafe bar,2 bags allowed,Refundable up to 24h,Flexible fare available,Guide dogs only,Announced 20 min before,Arrive 30 min early,31,0,Available
ER0116,London,Paris,2026-05-15,Eurostar,Eurostar 3187,Regional,London St Pancras,Paris Montparnasse,05:15,08:34,3h 19m,Connection,Munich,40m,278,634,72,53,61,43,EUR,Standard;First Class,No,Yes,Yes,2 bags allowed,Refundable up to 24h,Free change,Pets not allowed,Announced 20 min before,Arrive 60 min early,11,0,Available
ER0117,Vienna,Zurich,2026-05-14,ÖBB,Railjet 252,International,Wien Hbf,Zurich HB,08:50,14:41,5h 51m,Direct,None,None,127,500,55,44,46,27,EUR,Economy;Business,No,Yes,Business only,2 bags + 1 cabin bag,Non-refundable,No change allowed,Guide dogs only,Announced 15 min before,Arrive 15 min early,35,15,Available
ER0118,Berlin,Munich,2026-05-21,DB,IC 3942,Regional,Berlin Hbf,München Hbf,07:05,15:37,8h 32m,Direct,None,None,43,420,193,161,147,96,EUR,Standard;Comfort,Limited,Yes,Yes,2 bags + 1 cabin bag,Refundable up to 24h,Flexible fare available,Guide dogs only,Announced 30 min before,Arrive 30 min early,31,0,Available
ER0119,Paris,Barcelona,2026-05-11,SNCF,TGV INOUI 2367,International,Paris Gare du Nord,Barcelona Sants,16:35,23:18,6h 43m,Direct,None,None,195,634,112,87,100,56,EUR,Second Class;First Class,Yes,Yes,Cafe bar,2 bags allowed,Refundable with fee,Free change,Pets not allowed,Announced 30 min before,Arrive 60 min early,32,0,Available
ER0120,Berlin,Amsterdam,2026-05-19,DB,IC 572,Night Train,Berlin Hbf,Amsterdam Centraal,20:05,01:00,4h 55m,Direct,None,None,60,250,32,26,27,19,EUR,Economy;Business,Yes,Yes,Snack service,2 bags + 1 cabin bag,Refundable depending on fare,Flexible fare available,Pets not allowed,Announced 15 min before,Arrive 15 min early,4,5,Available
ER0121,London,Amsterdam,2026-05-18,Eurostar,Eurostar 2809,International,London St Pancras,Amsterdam Centraal,15:15,22:26,7h 11m,Direct,None,None,116,300,214,162,175,130,EUR,Second Class;First Class,Yes,Yes,Snack service,2 bags allowed,Refundable up to 24h,No change allowed,Pets not allowed,Announced 15 min before,Arrive 15 min early,9,0,Available
ER0122,Munich,Vienna,2026-05-19,ÖBB,Railjet 7574,Intercity,München Hbf,Wien Hbf,06:15,14:52,8h 37m,Direct,None,None,0,500,225,185,192,106,EUR,Standard;First Class,Yes,Limited,Business only,1 cabin bag included,Refundable up to 24h,Free change,Small pets allowed,Announced 20 min before,Arrive 20 min early,30,0,Sold Out
ER0123,Paris,Frankfurt,2026-05-14,SNCF,TGV INOUI 6537,Intercity,Paris Gare du Nord,Frankfurt Hbf,11:55,16:13,4h 18m,Direct,None,None,182,420,60,50,49,34,EUR,Second Class;First Class,Yes,Yes,No,Large baggage chargeable,Refundable depending on fare,Change with fee,Small pets allowed,Announced 30 min before,Arrive 20 min early,10,30,Available
ER0124,Barcelona,Lyon,2026-05-20,SNCF,Intercités 6959,Night Train,Barcelona Sants,Lyon Perrache,17:25,21:20,3h 55m,Direct,None,None,96,300,109,90,97,62,EUR,Standard;Comfort,Yes,Yes,Cafe bar,1 cabin bag included,Refundable up to 24h,Flexible fare available,Pets not allowed,Announced 30 min before,Arrive 60 min early,38,0,Available
ER0125,Frankfurt,Vienna,2026-05-24,DB,EC 1844,Regional,Frankfurt Hbf,Wien Hbf,09:00,16:08,7h 08m,Direct,None,None,0,380,118,97,91,54,EUR,Economy;Business,No,Yes,Business only,Large baggage chargeable,Refundable up to 24h,Change with fee,Pets not allowed,Announced 15 min before,Arrive 30 min early,7,0,Sold Out
ER0126,Barcelona,Lyon,2026-05-16,SNCF,TER 9146,High-Speed,Barcelona Sants,Lyon Part-Dieu,13:15,19:57,6h 42m,Connection,Geneva,40m,208,634,158,132,123,85,EUR,Economy;Business,Yes,Yes,Snack service,2 bags allowed,Refundable depending on fare,Flexible fare available,Guide dogs only,Announced 15 min before,Arrive 20 min early,20,45,Available
ER0127,Paris,Lyon,2026-05-15,SNCF,OUIGO 754,Intercity,Paris Gare du Nord,Lyon Perrache,06:50,09:39,2h 49m,Direct,None,None,38,500,110,88,98,60,EUR,Second Class;First Class,No,No,Yes,1 cabin bag included,Refundable with fee,Change with fee,Guide dogs only,Announced 20 min before,Arrive 30 min early,22,15,Available
ER0128,Berlin,Munich,2026-05-22,DB,EC 244,Regional,Berlin Hbf,München Hbf,19:15,02:08,6h 53m,Direct,None,None,30,500,165,142,147,86,EUR,Standard;First Class,No,Limited,No,Large baggage chargeable,Refundable depending on fare,Free change,Guide dogs only,Announced 30 min before,Arrive 20 min early,24,0,Available
ER0129,Geneva,Paris,2026-05-11,SNCF,OUIGO 8914,High-Speed,Geneva Cornavin,Paris Gare de Lyon,11:50,18:37,6h 47m,Connection,Vienna,30m,131,300,124,102,93,73,EUR,Standard;First Class,Yes,Limited,No,2 bags allowed,Refundable with fee,Flexible fare available,Pets not allowed,Announced 20 min before,Arrive 60 min early,29,0,Available
ER0130,Milan,Rome,2026-05-15,Trenitalia,Frecciargento 2038,High-Speed,Milano Centrale,Roma Termini,06:55,15:34,8h 39m,Direct,None,None,221,500,174,127,150,93,EUR,Second Class;First Class,Yes,Yes,Cafe bar,Large baggage chargeable,Non-refundable,Change with fee,Guide dogs only,Announced 30 min before,Arrive 30 min early,4,0,Available
ER0131,Vienna,Zurich,2026-05-23,ÖBB,Railjet 182,Night Train,Wien Hbf,Zurich HB,14:15,22:03,7h 48m,Connection,Rome,40m,17,420,105,78,88,52,EUR,Standard;First Class,No,No,No,2 bags allowed,Non-refundable,Free change,Guide dogs only,Announced 15 min before,Arrive 20 min early,35,0,Limited
ER0132,Amsterdam,Paris,2026-05-15,Eurostar,Eurostar 1739,High-Speed,Amsterdam Centraal,Paris Gare de Lyon,11:25,16:58,5h 33m,Direct,None,None,197,500,68,55,54,34,EUR,Standard;Comfort,Yes,Yes,Snack service,1 cabin bag included,Non-refundable,Change with fee,Guide dogs only,Announced 20 min before,Arrive 60 min early,32,0,Available
ER0133,Madrid,Barcelona,2026-05-22,Renfe,Avlo 9138,Night Train,Madrid Atocha,Barcelona Sants,07:20,09:02,1h 42m,Connection,Amsterdam,45m,3,634,48,41,42,27,EUR,Second Class;First Class,No,Yes,Yes,1 cabin bag included,Refundable depending on fare,Change with fee,Guide dogs only,Announced 20 min before,Arrive 20 min early,22,15,Limited
ER0134,London,Paris,2026-05-17,Eurostar,Eurostar 6061,Regional,London St Pancras,Paris Gare du Nord,10:40,13:16,2h 36m,Direct,None,None,57,300,152,132,114,91,EUR,Standard;Comfort,Yes,Yes,Cafe bar,1 cabin bag included,Refundable depending on fare,No change allowed,Pets not allowed,Announced 15 min before,Arrive 15 min early,24,0,Available
ER0135,Paris,Frankfurt,2026-05-21,Eurostar,Eurostar 9580,Night Train,Paris Gare du Nord,Frankfurt Hbf,17:25,23:50,6h 25m,Direct,None,None,68,250,149,116,130,77,EUR,Standard;First Class,No,Yes,Snack service,2 bags + 1 cabin bag,Refundable with fee,Free change,Guide dogs only,Announced 15 min before,Arrive 20 min early,15,15,Available
ER0136,London,Amsterdam,2026-05-15,Eurostar,Eurostar 6893,High-Speed,London St Pancras,Amsterdam Centraal,20:50,04:52,8h 02m,Direct,None,None,125,300,79,57,66,38,EUR,Economy;Business,Yes,Yes,Business only,2 bags + 1 cabin bag,Refundable depending on fare,Free change,Guide dogs only,Announced 15 min before,Arrive 20 min early,32,5,Available
ER0137,Munich,Vienna,2026-05-17,ÖBB,Railjet 3694,Intercity,München Hbf,Wien Hbf,10:45,17:47,7h 02m,Direct,None,None,107,300,213,173,167,112,EUR,Second Class;First Class,Yes,Yes,Cafe bar,Large baggage chargeable,Refundable up to 24h,Free change,Pets allowed,Announced 20 min before,Arrive 20 min early,38,0,Available
ER0138,Paris,Lyon,2026-05-24,SNCF,Intercités 6168,High-Speed,Paris Gare de Lyon,Lyon Perrache,12:35,15:38,3h 03m,Direct,None,None,0,500,54,42,42,32,EUR,Standard;Comfort,No,No,Business only,2 bags + 1 cabin bag,Refundable up to 24h,Free change,Pets allowed,Announced 30 min before,Arrive 15 min early,28,0,Sold Out
ER0139,Berlin,Munich,2026-05-21,DB,IC 6035,Intercity,Berlin Hbf,München Hbf,18:50,01:14,6h 24m,Direct,None,None,113,500,172,134,134,96,EUR,Standard;Comfort,No,No,Business only,1 cabin bag included,Non-refundable,No change allowed,Small pets allowed,Announced 30 min before,Arrive 15 min early,18,5,Available
ER0140,Milan,Vienna,2026-05-22,Trenitalia,Frecciarossa 3613,Regional,Milano Centrale,Wien Hbf,06:10,14:52,8h 42m,Direct,None,None,0,250,238,194,181,119,EUR,Standard;First Class,No,Yes,Snack service,Large baggage chargeable,Non-refundable,Free change,Small pets allowed,Announced 30 min before,Arrive 60 min early,32,0,Sold Out
ER0141,Paris,Lyon,2026-05-13,SNCF,OUIGO 650,High-Speed,Paris Gare du Nord,Lyon Part-Dieu,06:25,09:13,2h 48m,Direct,None,None,90,300,131,101,106,74,EUR,Standard;First Class,No,Limited,No,1 cabin bag included,Non-refundable,Flexible fare available,Small pets allowed,Announced 30 min before,Arrive 20 min early,33,0,Available
ER0142,Rome,Milan,2026-05-19,Trenitalia,Frecciargento 2967,Intercity,Roma Termini,Milano Centrale,07:40,09:48,2h 08m,Connection,Cologne,45m,0,500,93,77,83,52,EUR,Standard;Comfort,Limited,No,No,2 bags allowed,Refundable depending on fare,Free change,Guide dogs only,Announced 15 min before,Arrive 60 min early,18,0,Sold Out
ER0143,Berlin,Hamburg,2026-05-22,DB,IC 5885,Intercity,Berlin Hbf,Hamburg Hbf,12:20,14:32,2h 12m,Direct,None,None,0,634,48,38,37,24,EUR,Standard;Comfort,Yes,Yes,Snack service,2 bags + 1 cabin bag,Refundable with fee,Change with fee,Guide dogs only,Announced 15 min before,Arrive 20 min early,16,0,Sold Out
ER0144,Frankfurt,Paris,2026-05-23,DB,ICE 2064,Intercity,Frankfurt Hbf,Paris Montparnasse,05:40,07:26,1h 46m,Connection,Zurich,50m,19,420,99,79,88,62,EUR,Economy;Business,Yes,No,Snack service,2 bags allowed,Non-refundable,No change allowed,Small pets allowed,Announced 20 min before,Arrive 15 min early,37,0,Limited
ER0145,Zurich,Vienna,2026-05-15,SBB,IR 3552,Regional,Zurich HB,Wien Hbf,15:25,22:31,7h 06m,Direct,None,None,140,380,169,126,137,90,EUR,Second Class;First Class,Yes,No,Cafe bar,2 bags + 1 cabin bag,Refundable with fee,Free change,Guide dogs only,Announced 15 min before,Arrive 60 min early,28,10,Available
ER0146,Berlin,Prague,2026-05-12,DB,IC 259,Intercity,Berlin Hbf,Praha hlavní nádraží,20:10,04:49,8h 39m,Direct,None,None,221,500,202,153,177,92,EUR,Standard;First Class,Yes,Limited,Snack service,2 bags allowed,Refundable depending on fare,Flexible fare available,Guide dogs only,Announced 20 min before,Arrive 30 min early,20,0,Available
ER0147,Madrid,Barcelona,2026-05-10,Renfe,AVE 5852,Regional,Madrid Atocha,Barcelona Sants,14:25,17:16,2h 51m,Direct,None,None,60,634,126,103,103,80,EUR,Second Class;First Class,No,No,Yes,2 bags allowed,Refundable with fee,Flexible fare available,Small pets allowed,Announced 20 min before,Arrive 30 min early,22,20,Available
ER0148,Frankfurt,Cologne,2026-05-19,DB,IC 7389,Night Train,Frankfurt Hbf,Köln Hbf,18:10,21:09,2h 59m,Connection,Munich,40m,60,634,82,61,62,37,EUR,Standard;First Class,Yes,No,No,2 bags allowed,Refundable up to 24h,Flexible fare available,Small pets allowed,Announced 15 min before,Arrive 60 min early,23,20,Available
ER0149,Berlin,Hamburg,2026-05-13,DB,IC 2171,Night Train,Berlin Hbf,Hamburg Hbf,05:00,12:04,7h 04m,Direct,None,None,0,380,233,187,184,125,EUR,Economy;Business,No,No,No,Large baggage chargeable,Non-refundable,Flexible fare available,Pets not allowed,Announced 30 min before,Arrive 20 min early,9,0,Cancelled
ER0150,Milan,Vienna,2026-05-14,Italo,Italo 5073,High-Speed,Milano Centrale,Wien Hbf,21:10,04:23,7h 13m,Direct,None,None,82,250,200,144,162,101,EUR,Standard;Comfort,Yes,No,No,Large baggage chargeable,Refundable depending on fare,Change with fee,Small pets allowed,Announced 30 min before,Arrive 60 min early,28,0,Available
ER0151,Berlin,Hamburg,2026-05-14,DB,IC 4024,High-Speed,Berlin Ostbahnhof,Hamburg Hbf,13:30,16:31,3h 01m,Connection,Amsterdam,35m,136,380,144,109,121,70,EUR,Standard;First Class,Yes,Yes,Business only,1 cabin bag included,Refundable with fee,No change allowed,Pets allowed,Announced 15 min before,Arrive 15 min early,13,0,Available
ER0152,Paris,Lyon,2026-05-17,SNCF,TER 6985,International,Paris Gare de l'Est,Lyon Perrache,16:35,19:41,3h 06m,Direct,None,None,0,250,66,48,57,30,EUR,Economy;Business,Yes,Limited,Snack service,2 bags allowed,Refundable up to 24h,Change with fee,Pets not allowed,Announced 20 min before,Arrive 20 min early,6,0,Cancelled
ER0153,Berlin,Prague,2026-05-17,DB,EC 3515,Intercity,Berlin Ostbahnhof,Praha hlavní nádraží,14:25,17:11,2h 46m,Direct,None,None,90,250,60,45,50,29,EUR,Standard;First Class,Yes,No,Business only,2 bags allowed,Refundable with fee,Flexible fare available,Pets allowed,Announced 20 min before,Arrive 20 min early,4,20,Available
ER0154,Paris,Nice,2026-05-19,SNCF,OUIGO 6184,International,Paris Gare de Lyon,Nice-Ville,10:35,12:46,2h 11m,Direct,None,None,2,380,44,34,34,24,EUR,Economy;Business,Yes,Limited,Snack service,2 bags + 1 cabin bag,Refundable up to 24h,No change allowed,Guide dogs only,Announced 30 min before,Arrive 20 min early,20,0,Limited
ER0155,Paris,Nice,2026-05-17,SNCF,TER 8992,Regional,Paris Montparnasse,Nice-Ville,10:40,15:03,4h 23m,Direct,None,None,173,420,70,51,54,35,EUR,Second Class;First Class,Yes,No,Cafe bar,2 bags allowed,Non-refundable,Change with fee,Guide dogs only,Announced 30 min before,Arrive 15 min early,38,0,Available
ER0156,Barcelona,Lyon,2026-05-13,SNCF,OUIGO 4738,Night Train,Barcelona Sants,Lyon Perrache,15:05,17:19,2h 14m,Direct,None,None,36,250,74,63,57,40,EUR,Second Class;First Class,Limited,Limited,Yes,1 cabin bag included,Refundable with fee,Free change,Pets allowed,Announced 15 min before,Arrive 60 min early,9,0,Available
ER0157,Zurich,Vienna,2026-05-22,SBB,IR 6914,Intercity,Zurich HB,Wien Hbf,13:40,22:47,9h 07m,Direct,None,None,75,380,89,74,73,43,EUR,Economy;Business,No,No,Yes,1 cabin bag included,Refundable depending on fare,No change allowed,Pets allowed,Announced 15 min before,Arrive 20 min early,29,0,Available
ER0158,Geneva,Paris,2026-05-15,SNCF,Intercités 5872,International,Geneva Cornavin,Paris Gare de l'Est,16:30,00:26,7h 56m,Direct,None,None,143,634,137,115,121,68,EUR,Second Class;First Class,Yes,Yes,Business only,2 bags allowed,Refundable with fee,Flexible fare available,Pets allowed,Announced 20 min before,Arrive 20 min early,17,30,Available
ER0159,Amsterdam,Berlin,2026-05-10,DB,EC 8476,Intercity,Amsterdam Centraal,Berlin Hbf,06:35,11:02,4h 27m,Direct,None,None,169,380,92,69,80,43,EUR,Standard;First Class,Yes,No,Cafe bar,Large baggage chargeable,Refundable up to 24h,Flexible fare available,Pets allowed,Announced 30 min before,Arrive 60 min early,9,0,Available
ER0160,Paris,Brussels,2026-05-24,Eurostar,Eurostar 7215,International,Paris Montparnasse,Brussels Midi,12:55,15:37,2h 42m,Connection,Vienna,20m,101,380,67,51,57,32,EUR,Second Class;First Class,No,Yes,Cafe bar,Large baggage chargeable,Non-refundable,No change allowed,Small pets allowed,Announced 15 min before,Arrive 30 min early,9,10,Available
ER0161,Zurich,Milan,2026-05-19,SBB,IR 6640,Intercity,Zurich HB,Milano Centrale,17:40,22:47,5h 07m,Connection,Frankfurt,35m,144,420,130,107,101,74,EUR,Economy;Business,Yes,Limited,Snack service,1 cabin bag included,Refundable up to 24h,Free change,Pets not allowed,Announced 20 min before,Arrive 30 min early,26,10,Available
ER0162,Berlin,Prague,2026-05-15,DB+RegioJet,ICE 5829,Regional,Berlin Ostbahnhof,Praha hlavní nádraží,19:00,03:23,8h 23m,Direct,None,None,63,634,134,97,119,85,EUR,Standard;First Class,Yes,Yes,Business only,Large baggage chargeable,Refundable depending on fare,Free change,Guide dogs only,Announced 15 min before,Arrive 20 min early,17,20,Available
ER0163,Vienna,Munich,2026-05-18,ÖBB,Nightjet 2415,Regional,Wien Hbf,München Hbf,21:00,00:35,3h 35m,Direct,None,None,178,380,98,71,83,44,EUR,Standard;Comfort,Yes,Yes,Business only,Large baggage chargeable,Refundable with fee,No change allowed,Pets allowed,Announced 20 min before,Arrive 60 min early,38,0,Available
ER0164,Paris,Berlin,2026-05-12,Eurostar+DB,Eurostar 4153,High-Speed,Paris Gare de l'Est,Berlin Ostbahnhof,20:30,03:10,6h 40m,Direct,None,None,174,634,151,115,114,75,EUR,Standard;Comfort,Yes,Yes,Business only,Large baggage chargeable,Refundable with fee,Free change,Pets not allowed,Announced 30 min before,Arrive 20 min early,30,0,Available
ER0165,Frankfurt,Paris,2026-05-19,DB+Eurostar,IC 8983,Intercity,Frankfurt Hbf,Paris Gare du Nord,09:45,15:47,6h 02m,Direct,None,None,0,300,182,151,150,86,EUR,Economy;Business,Yes,Yes,No,2 bags allowed,Refundable with fee,Flexible fare available,Small pets allowed,Announced 30 min before,Arrive 15 min early,24,0,Cancelled
ER0166,Milan,Zurich,2026-05-16,SBB,EuroCity 4585,International,Milano Centrale,Zurich HB,08:10,11:09,2h 59m,Direct,None,None,175,500,88,71,69,40,EUR,Economy;Business,No,No,Business only,2 bags + 1 cabin bag,Refundable depending on fare,No change allowed,Pets not allowed,Announced 15 min before,Arrive 20 min early,16,0,Available
ER0167,Berlin,Hamburg,2026-05-10,DB,ICE 4521,International,Berlin Ostbahnhof,Hamburg Hbf,11:15,13:13,1h 58m,Direct,None,None,0,420,154,127,135,96,EUR,Second Class;First Class,Yes,No,Business only,Large baggage chargeable,Refundable up to 24h,Free change,Pets not allowed,Announced 20 min before,Arrive 15 min early,19,0,Cancelled
ER0168,Vienna,Prague,2026-05-18,ÖBB,Nightjet 8556,Intercity,Wien Hbf,Praha hlavní nádraží,14:35,19:23,4h 48m,Connection,Madrid,75m,33,300,65,51,55,30,EUR,Economy;Business,Limited,No,Business only,Large baggage chargeable,Refundable up to 24h,Change with fee,Pets not allowed,Announced 30 min before,Arrive 20 min early,33,0,Available
ER0169,Paris,Berlin,2026-05-14,SNCF+DB,TGV INOUI 1970,Intercity,Paris Montparnasse,Berlin Ostbahnhof,07:40,15:18,7h 38m,Connection,Cologne,35m,31,420,160,123,140,99,EUR,Economy;Business,Yes,No,Business only,1 cabin bag included,Refundable depending on fare,Flexible fare available,Small pets allowed,Announced 15 min before,Arrive 20 min early,16,0,Available
ER0170,Paris,Lyon,2026-05-19,SNCF,TGV INOUI 7614,Night Train,Paris Montparnasse,Lyon Perrache,05:45,07:40,1h 55m,Direct,None,None,229,634,142,104,119,70,EUR,Economy;Business,Yes,Yes,Cafe bar,2 bags allowed,Non-refundable,Free change,Small pets allowed,Announced 15 min before,Arrive 30 min early,25,0,Available
ER0171,Paris,Berlin,2026-05-10,SNCF+DB,TER 9847,Regional,Paris Gare du Nord,Berlin Ostbahnhof,16:00,01:16,9h 16m,Direct,None,None,3,380,221,178,175,105,EUR,Standard;Comfort,No,No,No,2 bags + 1 cabin bag,Refundable with fee,Free change,Pets allowed,Announced 30 min before,Arrive 15 min early,34,10,Limited
ER0172,Munich,Vienna,2026-05-24,ÖBB,Nightjet 5285,High-Speed,München Hbf,Wien Hbf,09:45,15:58,6h 13m,Direct,None,None,272,634,161,131,137,103,EUR,Second Class;First Class,Yes,Yes,No,Large baggage chargeable,Refundable depending on fare,Free change,Guide dogs only,Announced 20 min before,Arrive 20 min early,4,0,Available
ER0173,Berlin,Prague,2026-05-21,DB+RegioJet,IC 8401,International,Berlin Ostbahnhof,Praha hlavní nádraží,08:50,13:05,4h 15m,Direct,None,None,34,634,73,54,63,46,EUR,Standard;First Class,Yes,No,Cafe bar,Large baggage chargeable,Non-refundable,No change allowed,Pets not allowed,Announced 30 min before,Arrive 15 min early,37,0,Available
ER0174,Amsterdam,Brussels,2026-05-19,Eurostar,Eurostar 3512,Regional,Amsterdam Centraal,Brussels Midi,07:10,08:38,1h 28m,Direct,None,None,62,420,128,95,98,77,EUR,Standard;First Class,Yes,No,Yes,Large baggage chargeable,Refundable with fee,Flexible fare available,Pets not allowed,Announced 20 min before,Arrive 20 min early,37,0,Available
ER0175,Amsterdam,Brussels,2026-05-12,Eurostar,Eurostar 712,High-Speed,Amsterdam Centraal,Brussels Midi,19:40,22:47,3h 07m,Direct,None,None,107,500,152,127,125,91,EUR,Economy;Business,Yes,Yes,Snack service,Large baggage chargeable,Refundable up to 24h,Free change,Guide dogs only,Announced 15 min before,Arrive 15 min early,25,0,Available
ER0176,Zurich,Vienna,2026-05-24,SBB+ÖBB,IR 5214,Intercity,Zurich HB,Wien Hbf,11:15,18:25,7h 10m,Direct,None,None,89,420,107,81,80,61,EUR,Standard;Comfort,No,Limited,Business only,2 bags + 1 cabin bag,Non-refundable,Change with fee,Small pets allowed,Announced 15 min before,Arrive 30 min early,25,0,Available
ER0177,Vienna,Munich,2026-05-17,ÖBB,Railjet 575,Night Train,Wien Hbf,München Hbf,08:30,10:22,1h 52m,Direct,None,None,172,420,143,117,113,87,EUR,Standard;First Class,Limited,Yes,Yes,Large baggage chargeable,Refundable up to 24h,No change allowed,Guide dogs only,Announced 30 min before,Arrive 60 min early,34,10,Available
ER0178,Berlin,Hamburg,2026-05-13,DB,EC 4327,Regional,Berlin Ostbahnhof,Hamburg Hbf,10:55,18:00,7h 05m,Direct,None,None,27,380,105,77,86,65,EUR,Economy;Business,No,Yes,Snack service,2 bags allowed,Non-refundable,Free change,Guide dogs only,Announced 30 min before,Arrive 60 min early,29,0,Available
ER0179,Prague,Vienna,2026-05-16,CD+ÖBB,EuroCity 6388,International,Praha hlavní nádraží,Wien Hbf,11:55,18:22,6h 27m,Direct,None,None,107,420,130,107,99,82,EUR,Standard;First Class,No,No,Business only,2 bags allowed,Refundable depending on fare,Change with fee,Guide dogs only,Announced 20 min before,Arrive 15 min early,10,5,Available
ER0180,Munich,Vienna,2026-05-22,ÖBB,Nightjet 8198,Regional,München Hbf,Wien Hbf,11:10,17:32,6h 22m,Connection,Paris,35m,292,634,157,128,128,77,EUR,Standard;Comfort,Limited,Limited,Yes,2 bags allowed,Refundable depending on fare,Change with fee,Guide dogs only,Announced 15 min before,Arrive 30 min early,7,20,Available
ER0181,Paris,Lyon,2026-05-21,SNCF,TGV INOUI 4723,International,Paris Gare de Lyon,Lyon Part-Dieu,18:55,21:10,2h 15m,Direct,None,None,215,634,140,113,118,76,EUR,Standard;Comfort,Limited,Yes,Business only,2 bags + 1 cabin bag,Refundable with fee,Free change,Pets allowed,Announced 30 min before,Arrive 15 min early,13,0,Available
ER0182,Geneva,Lyon,2026-05-20,SNCF,OUIGO 1487,Intercity,Geneva Cornavin,Lyon Perrache,19:55,02:29,6h 34m,Connection,Amsterdam,75m,229,500,198,153,154,113,EUR,Standard;Comfort,Limited,Limited,Yes,2 bags allowed,Refundable depending on fare,Flexible fare available,Pets allowed,Announced 30 min before,Arrive 60 min early,9,5,Available
ER0183,London,Brussels,2026-05-21,Eurostar,Eurostar 8569,Regional,London St Pancras,Brussels Midi,12:35,19:22,6h 47m,Connection,Marseille,45m,107,500,91,72,80,51,EUR,Standard;Comfort,Yes,Yes,Yes,1 cabin bag included,Non-refundable,Free change,Pets not allowed,Announced 30 min before,Arrive 20 min early,7,0,Available
ER0184,Frankfurt,Vienna,2026-05-22,DB,IC 8042,International,Frankfurt Hbf,Wien Hbf,21:05,05:45,8h 40m,Connection,Madrid,35m,239,500,124,103,104,78,EUR,Standard;Comfort,Yes,Limited,Cafe bar,Large baggage chargeable,Refundable with fee,Free change,Guide dogs only,Announced 15 min before,Arrive 20 min early,13,10,Available
ER0185,Geneva,Lyon,2026-05-22,SNCF,Intercités 3998,International,Geneva Cornavin,Lyon Part-Dieu,11:45,19:25,7h 40m,Connection,Marseille,45m,79,250,191,146,164,114,EUR,Second Class;First Class,Limited,Limited,Cafe bar,Large baggage chargeable,Refundable up to 24h,Flexible fare available,Pets not allowed,Announced 20 min before,Arrive 30 min early,37,0,Available
ER0186,Paris,Nice,2026-05-11,SNCF,Intercités 4566,Intercity,Paris Gare de l'Est,Nice-Ville,13:05,16:40,3h 35m,Direct,None,None,192,420,90,75,75,44,EUR,Standard;Comfort,No,Yes,Yes,2 bags allowed,Refundable up to 24h,No change allowed,Pets allowed,Announced 30 min before,Arrive 15 min early,32,0,Available
ER0187,Madrid,Barcelona,2026-05-13,Renfe,Avlo 3263,Intercity,Madrid Atocha,Barcelona Sants,07:00,09:49,2h 49m,Connection,Amsterdam,30m,3,634,62,48,53,35,EUR,Standard;First Class,Yes,Limited,Business only,Large baggage chargeable,Refundable up to 24h,No change allowed,Guide dogs only,Announced 20 min before,Arrive 30 min early,20,15,Limited
ER0188,London,Amsterdam,2026-05-22,Eurostar,Eurostar 1122,Night Train,London St Pancras,Amsterdam Centraal,15:00,22:07,7h 07m,Direct,None,None,45,250,170,139,130,94,EUR,Standard;First Class,Limited,Limited,Yes,2 bags allowed,Refundable up to 24h,Free change,Guide dogs only,Announced 20 min before,Arrive 15 min early,35,0,Available
ER0189,London,Brussels,2026-05-20,Eurostar,Eurostar 6497,Intercity,London St Pancras,Brussels Midi,15:30,21:49,6h 19m,Direct,None,None,16,634,208,163,178,127,EUR,Standard;First Class,Limited,No,Yes,1 cabin bag included,Non-refundable,Flexible fare available,Pets not allowed,Announced 15 min before,Arrive 15 min early,27,0,Limited
ER0190,Vienna,Munich,2026-05-23,ÖBB,Railjet 7630,High-Speed,Wien Hbf,München Hbf,10:40,12:25,1h 45m,Connection,Brussels,45m,74,634,120,95,105,64,EUR,Economy;Business,Yes,Yes,Snack service,Large baggage chargeable,Refundable up to 24h,Flexible fare available,Pets not allowed,Announced 30 min before,Arrive 60 min early,5,0,Available
ER0191,Paris,Nice,2026-05-15,SNCF,TER 801,High-Speed,Paris Montparnasse,Nice-Ville,11:50,18:56,7h 06m,Direct,None,None,18,634,144,117,127,65,EUR,Second Class;First Class,No,Yes,Cafe bar,2 bags + 1 cabin bag,Refundable up to 24h,Change with fee,Pets allowed,Announced 20 min before,Arrive 15 min early,33,0,Limited
ER0192,Munich,Zurich,2026-05-12,DB,ICE 1970,Intercity,München Hbf,Zurich HB,07:15,12:18,5h 03m,Direct,None,None,186,634,59,51,49,28,EUR,Standard;First Class,No,Yes,Business only,2 bags allowed,Refundable up to 24h,Flexible fare available,Small pets allowed,Announced 20 min before,Arrive 20 min early,27,15,Available
ER0193,Vienna,Zurich,2026-05-12,ÖBB,Railjet 1737,Intercity,Wien Hbf,Zurich HB,05:35,07:41,2h 06m,Direct,None,None,19,300,101,79,87,61,EUR,Economy;Business,Yes,No,Snack service,2 bags + 1 cabin bag,Refundable with fee,Free change,Small pets allowed,Announced 30 min before,Arrive 60 min early,9,10,Limited
ER0194,Amsterdam,Brussels,2026-05-15,Eurostar,Eurostar 9237,International,Amsterdam Centraal,Brussels Midi,08:40,11:24,2h 44m,Direct,None,None,138,500,82,62,63,49,EUR,Second Class;First Class,Yes,Yes,Yes,2 bags allowed,Non-refundable,Flexible fare available,Small pets allowed,Announced 20 min before,Arrive 30 min early,25,10,Available
ER0195,Munich,Zurich,2026-05-22,ÖBB,Railjet 1810,High-Speed,München Hbf,Zurich HB,10:00,15:33,5h 33m,Direct,None,None,15,250,112,88,96,70,EUR,Standard;Comfort,Yes,Yes,Cafe bar,Large baggage chargeable,Refundable with fee,No change allowed,Small pets allowed,Announced 15 min before,Arrive 60 min early,35,0,Limited
ER0196,Paris,Brussels,2026-05-24,Eurostar,Eurostar 3641,High-Speed,Paris Montparnasse,Brussels Midi,17:25,19:48,2h 23m,Direct,None,None,158,634,80,61,60,45,EUR,Second Class;First Class,Limited,No,Cafe bar,1 cabin bag included,Refundable with fee,Flexible fare available,Small pets allowed,Announced 30 min before,Arrive 20 min early,18,0,Available
ER0197,Paris,Berlin,2026-05-16,Eurostar,Eurostar 9792,International,Paris Montparnasse,Berlin Ostbahnhof,13:00,20:49,7h 49m,Connection,Madrid,40m,76,380,155,125,116,100,EUR,Standard;First Class,Limited,No,Snack service,2 bags allowed,Refundable depending on fare,No change allowed,Small pets allowed,Announced 15 min before,Arrive 15 min early,30,0,Available
ER0198,Berlin,Munich,2026-05-12,DB,IC 4016,International,Berlin Hbf,München Hbf,20:50,00:51,4h 01m,Direct,None,None,0,420,35,30,28,16,EUR,Economy;Business,Yes,No,Yes,2 bags allowed,Refundable depending on fare,Flexible fare available,Pets allowed,Announced 20 min before,Arrive 60 min early,21,0,Cancelled
ER0199,Munich,Zurich,2026-05-18,DB,EC 1426,Intercity,München Hbf,Zurich HB,21:50,02:21,4h 31m,Connection,Berlin,60m,30,380,122,94,103,72,EUR,Economy;Business,Yes,Yes,No,2 bags allowed,Refundable depending on fare,Change with fee,Small pets allowed,Announced 20 min before,Arrive 30 min early,21,5,Available
ER0200,Geneva,Paris,2026-05-20,SNCF,TER 992,High-Speed,Geneva Cornavin,Paris Gare de l'Est,16:35,22:08,5h 33m,Direct,None,None,88,250,103,81,82,60,EUR,Economy;Business,Limited,Yes,Yes,Large baggage chargeable,Refundable with fee,Flexible fare available,Pets allowed,Announced 15 min before,Arrive 20 min early,21,10,Available
